id;name;entity_id;definition;created_by;created_ts;updated_by;updated_ts
daad433c-75ca-4e2d-94e2-e3dfb31110fb;Serbian;Electronics robust;Forward;Toyota;2023-08-02T15:10:00;East violet;2023-08-02T17:18:54
b0a1ce22-1844-4593-8970-331ecd6c1e3b;Associate;phew;joule;excluding Computers;2023-08-03T08:47:52;lavender disintermediate;2023-08-03T04:23:29
06528678-a59e-463d-b7e6-174af0eb88cf;Van;lion Director till;Games Chips compress;Architect;2023-08-03T05:14:37;female card;2023-08-03T14:59:37
40f85eee-c6e2-42bf-a0f9-8615e4a638d6;teal;Tactics Sedan;Quality Solomon;Hybrid 1080p Northwest;2023-08-02T22:42:43;Liberia Hatchback Ohio;2023-08-03T01:07:29
94d15a22-8b3f-4fa4-a35e-79c1d1afcec3;than;Table Buckinghamshire Wooden;Southeast;Directives;2023-08-03T13:18:00;Optimized discovery application;2023-08-03T14:15:14
6b453fc1-e225-48f8-bf59-3a3b7614799e;paradigms minus serene;female;invoice wary ouch;Tasty Lamborghini;2023-08-02T16:15:56;Recycled;2023-08-03T10:00:53
6d146818-4037-4d4f-81a3-f02e09b0efa6;infrastructures;lime Southwest Human;jaggedly;North International installation;2023-08-03T12:26:28;distant;2023-08-03T12:11:52
3ae56152-4207-4bff-82a7-73b42ab69e0e;Chair;engineer Common;virtual Integration;Passenger Coupe synthesizing;2023-08-02T23:39:48;Passenger Lek;2023-08-02T20:17:26
527bdfb4-41ae-4ea2-b3cc-bf95a19f0e59;Wooden;Northeast;male Tricycle Incredible;Southwest Rap male;2023-08-02T18:33:04;East Lockman;2023-08-03T03:19:38
cc059656-bd45-4af8-a355-b6430ff779e2;Transmasculine extremely ohm;partially Response;Lari;Gorgeous Mobility;2023-08-02T15:13:13;Savings National;2023-08-02T21:41:49
