id;name;definition;created_by;created_ts;updated_by;updated_ts
5e71acba-1ac4-48a3-9e05-15c38cb4fe7e;Beauty array male;perferendis;payment Granite;2023-08-02T18:35:48;Omnigender graceful;2023-08-03T12:41:55
736d3693-7395-4175-b97d-da68e4de974a;after farad;Polestar National South;withdrawal Account;2023-08-03T10:49:59;fuchsia;2023-08-02T20:48:53
da17b8fc-fd00-41af-8c93-9b6261942f35;mmm male;Books deposit;systems Savings Crossroad;2023-08-02T20:54:17;forsake;2023-08-03T00:28:20
96b3e18a-7b3f-428c-b21c-bb70796b3449;quantifying;through Sausages;Electric digital Verde;2023-08-03T15:04:33;male Northeast Soap;2023-08-02T22:51:38
4174d05c-17a0-4a04-9607-02aa7365b605;ouch briefly Recumbent;Account;white middleware ouch;2023-08-02T15:53:33;crumb;2023-08-02T19:00:10
e3073a5e-ca64-4dbc-86e5-0de8a057bc3e;orange Recycled;iterate Southeast Magnesium;Rap;2023-08-03T03:19:37;alarm victorious Industrial;2023-08-03T06:52:48
f343fead-21b4-43b0-a81f-14adf94f6ef3;regret Manganese Electronic;Bahamas South;Mississippi second;2023-08-03T00:27:40;Extended;2023-08-02T17:39:32
2778fdea-3fa6-466b-a16a-2d9f11ae7722;compress Synergized online;black Specialist olive;Refined calculating Bedfordshire;2023-08-02T22:45:15;Nevada Internal;2023-08-03T02:07:19
7c961977-e53d-4026-befc-df8154061c75;Wagon withdrawal fugiat;Chips Dakota azure;Lamborghini Chief;2023-08-02T21:53:03;Operations;2023-08-02T22:49:42
07bffb2f-fc4d-4b53-8e2a-b6ed16a1f9b1;Lamborghini;distributed matrix East;little;2023-08-03T07:43:49;female Gasoline;2023-08-03T10:29:15
